onset	duration	trial_type
16.020686149597168	16.0	scenes
36.0442328453064	16.0	scrambled
56.063671588897705	16.0	objects
76.08360981941223	16.0	bodies
96.10497403144836	16.0	faces
116.12641501426695	16.0	buildings
168.1809287071228	16.0	faces
188.1997618675232	16.0	bodies
208.22219610214236	16.0	objects
228.24031829833984	16.0	scrambled
248.26324486732483	16.0	scenes
