onset	duration	trial_type
16.022937536239624	16.0	faces
36.04140377044678	16.0	objects
56.06150460243225	16.0	buildings
76.08239722251892	16.0	scenes
96.10222625732422	16.0	bodies
116.12467741966248	16.0	scrambled
168.17744636535645	16.0	bodies
188.20355701446533	16.0	scenes
208.21843910217285	16.0	buildings
228.24618935585025	16.0	objects
248.2593400478363	16.0	faces
