onset	duration	trial_type
16.023362398147583	16.0	scenes
36.043450355529785	16.0	scrambled
56.06392955780029	16.0	objects
76.08440852165222	16.0	bodies
96.10363554954527	16.0	faces
116.12522745132446	16.0	buildings
168.17768239974976	16.0	faces
188.2051138877869	16.0	bodies
208.2200198173523	16.0	objects
228.23863101005557	16.0	scrambled
248.261296749115	16.0	scenes
