onset	duration	trial_type
16.021753549575806	16.0	scrambled
36.04022002220154	16.0	bodies
56.059837341308594	16.0	scenes
76.08229422569275	16.0	buildings
96.10103750228882	16.0	objects
116.1222493648529	16.0	faces
168.17515468597412	16.0	objects
188.19392728805545	16.0	buildings
208.2164855003357	16.0	scenes
228.2353446483612	16.0	bodies
248.2615885734558	16.0	scrambled
