onset	duration	trial_type
16.021239042282104	16.0	bodies
36.0405912399292	16.0	buildings
56.06051874160767	16.0	scrambled
76.08198189735413	16.0	faces
96.10375571250916	16.0	scenes
116.12341618537904	16.0	objects
168.17561316490173	16.0	scenes
188.19645380973816	16.0	faces
208.21789932250977	16.0	scrambled
228.2411630153656	16.0	buildings
248.25781869888303	16.0	bodies
