onset	duration	trial_type
16.02253246307373	16.0	objects
36.04399609565735	16.0	scenes
56.06515979766846	16.0	faces
76.08424782752991	16.0	scrambled
96.1066436767578	16.0	buildings
116.12664651870728	16.0	bodies
168.18142819404602	16.0	buildings
188.2004098892212	16.0	scrambled
208.2209701538086	16.0	faces
228.2429428100586	16.0	scenes
248.26009130477905	16.0	objects
