onset	duration	trial_type
16.021368265151978	16.0	faces
36.04221320152283	16.0	objects
56.061238050460815	16.0	buildings
76.08283400535583	16.0	scenes
96.10331344604492	16.0	bodies
116.12577295303343	16.0	scrambled
168.17858839035034	16.0	bodies
188.1971743106842	16.0	scenes
208.21822714805603	16.0	buildings
228.23805594444275	16.0	objects
248.2582516670227	16.0	faces
