onset	duration	trial_type
16.016007661819458	16.0	scrambled
36.02889561653137	16.0	bodies
56.0428626537323	16.0	scenes
76.05534601211548	16.0	buildings
96.0679292678833	16.0	objects
116.07926511764526	16.0	faces
168.1124782562256	16.0	objects
188.12764811515808	16.0	buildings
208.14002346992493	16.0	scenes
228.1543035507202	16.0	bodies
248.16835260391235	16.0	scrambled
