onset	duration	trial_type
16.019713878631592	16.0	objects
36.0349280834198	16.0	scenes
56.04855298995972	16.0	faces
76.06185984611511	16.0	scrambled
96.07955479621889	16.0	buildings
116.0956437587738	16.0	bodies
168.13066625595093	16.0	buildings
188.14653158187863	16.0	scrambled
208.16317582130432	16.0	faces
228.1784074306488	16.0	scenes
248.1915667057037	16.0	objects
