onset	duration	trial_type
16.01817035675049	16.0	faces
36.030866622924805	16.0	objects
56.04328083992005	16.0	buildings
76.05512523651123	16.0	scenes
96.070166349411	16.0	bodies
116.08357667922974	16.0	scrambled
168.11821699142456	16.0	bodies
188.13155221939087	16.0	scenes
208.1478283405304	16.0	buildings
228.16161561012268	16.0	objects
248.1752722263336	16.0	faces
