onset	duration	trial_type
16.020134687423706	16.0	scrambled
36.030054330825806	16.0	bodies
56.06159663200378	16.0	scenes
76.05588150024414	16.0	buildings
96.07132887840272	16.0	objects
116.08342099189758	16.0	faces
168.1152708530426	16.0	objects
188.129252910614	16.0	buildings
208.1424031257629	16.0	scenes
228.15758681297305	16.0	bodies
248.17394185066223	16.0	scrambled
