onset	duration	trial_type
16.017890691757202	16.0	buildings
36.0323646068573	16.0	faces
56.04943370819092	16.0	bodies
76.07035517692566	16.0	objects
96.07786393165588	16.0	scrambled
116.09430718421936	16.0	scenes
168.13505125045776	16.0	scrambled
188.1486303806305	16.0	objects
208.16785621643064	16.0	bodies
228.18876552581787	16.0	faces
248.19797587394717	16.0	buildings
