onset	duration	trial_type
16.022281885147095	16.0	bodies
36.04190754890442	16.0	buildings
56.06265759468079	16.0	scrambled
76.08244156837463	16.0	faces
96.10291862487792	16.0	scenes
116.12345695495604	16.0	objects
168.1761236190796	16.0	scenes
188.19581079483032	16.0	faces
208.2177550792694	16.0	scrambled
228.2365415096283	16.0	buildings
248.26329231262207	16.0	bodies
