onset	duration	trial_type
16.022939443588257	16.0	scrambled
36.04339599609375	16.0	bodies
56.06398797035217	16.0	scenes
76.0817482471466	16.0	buildings
96.10040402412416	16.0	objects
116.1264581680298	16.0	faces
168.1740207672119	16.0	objects
188.1918830871582	16.0	buildings
208.2123188972473	16.0	scenes
228.22951340675357	16.0	bodies
248.25072383880612	16.0	scrambled
