onset	duration	trial_type
16.021458387374878	16.0	buildings
36.041682958602905	16.0	faces
56.06736516952515	16.0	bodies
76.0828378200531	16.0	objects
96.10611486434937	16.0	scrambled
116.12433695793152	16.0	scenes
168.17568922042847	16.0	scrambled
188.19574451446533	16.0	objects
208.21487021446228	16.0	bodies
228.23433327674863	16.0	faces
248.257559299469	16.0	buildings
