onset	duration	trial_type
16.019078254699707	16.0	scenes
36.03991270065308	16.0	scrambled
56.05955791473389	16.0	objects
76.08723139762878	16.0	bodies
96.10170483589172	16.0	faces
116.12213158607484	16.0	buildings
168.17757081985474	16.0	faces
188.2050678730011	16.0	bodies
208.2201509475708	16.0	objects
228.24061584472656	16.0	scrambled
248.2620394229889	16.0	scenes
