onset	duration	trial_type
16.022977113723755	16.0	bodies
36.042102336883545	16.0	buildings
56.06452536582947	16.0	scrambled
76.08458375930786	16.0	faces
96.10638546943665	16.0	scenes
116.12556529045104	16.0	objects
168.1768674850464	16.0	scenes
188.1995394229889	16.0	faces
208.21897053718567	16.0	scrambled
228.23815870285037	16.0	buildings
248.25792741775516	16.0	bodies
