onset	duration	trial_type
16.01966905593872	16.0	objects
36.04118323326111	16.0	scenes
56.06383395195007	16.0	faces
76.08230996131897	16.0	scrambled
96.10223650932312	16.0	buildings
116.1230833530426	16.0	bodies
168.17550802230835	16.0	buildings
188.20219373703003	16.0	scrambled
208.21742630004883	16.0	faces
228.23785829544067	16.0	scenes
248.25869464874268	16.0	objects
