onset	duration	trial_type
16.020472288131714	16.0	faces
36.046403884887695	16.0	objects
56.06198358535767	16.0	buildings
76.08076620101929	16.0	scenes
96.10322380065918	16.0	bodies
116.12350225448608	16.0	scrambled
168.17968320846558	16.0	bodies
188.1995975971222	16.0	scenes
208.2203314304352	16.0	buildings
228.2408754825592	16.0	objects
248.2624773979187	16.0	faces
