onset	duration	trial_type
16.01908564567566	16.0	objects
36.04054403305054	16.0	scenes
56.06788349151611	16.0	faces
76.0819194316864	16.0	scrambled
96.1012396812439	16.0	buildings
116.12011885643004	16.0	bodies
168.17513942718506	16.0	buildings
188.1959252357483	16.0	scrambled
208.21546864509585	16.0	faces
228.2346103191376	16.0	scenes
248.255024433136	16.0	objects
