onset	duration	trial_type
16.020289659500122	16.0	faces
36.043739795684814	16.0	objects
56.06255769729614	16.0	buildings
76.08463382720947	16.0	scenes
96.10454201698305	16.0	bodies
116.1279592514038	16.0	scrambled
168.17952752113342	16.0	bodies
188.19776320457456	16.0	scenes
208.21967887878415	16.0	buildings
228.23986411094663	16.0	objects
248.2624707221985	16.0	faces
