onset	duration	trial_type
16.02054762840271	16.0	bodies
36.0418553352356	16.0	buildings
56.0612256526947	16.0	scrambled
76.08164858818054	16.0	faces
96.1016809940338	16.0	scenes
116.12089395523073	16.0	objects
168.17126369476318	16.0	scenes
188.19782376289368	16.0	faces
208.21306443214417	16.0	scrambled
228.23337244987488	16.0	buildings
248.2539386749268	16.0	bodies
