onset	duration	trial_type
16.017717123031616	16.0	bodies
36.0332305431366	16.0	buildings
56.04960012435913	16.0	scrambled
76.0696976184845	16.0	faces
96.08046317100523	16.0	scenes
116.09363746643066	16.0	objects
168.13660264015198	16.0	scenes
188.15104389190677	16.0	faces
208.1696207523346	16.0	scrambled
228.1828954219818	16.0	buildings
248.2025601863861	16.0	bodies
