onset	duration	trial_type
16.017247438430786	16.0	scenes
36.03334736824036	16.0	scrambled
56.04805707931519	16.0	objects
76.06201815605164	16.0	bodies
96.078355550766	16.0	faces
116.09353137016296	16.0	buildings
168.13585424423218	16.0	faces
188.15179538726807	16.0	bodies
208.16663146018985	16.0	objects
228.18218278884888	16.0	scrambled
248.19920587539676	16.0	scenes
