onset	duration	trial_type
16.020001888275146	16.0	objects
36.03753924369812	16.0	scenes
56.0518524646759	16.0	faces
76.07266402244568	16.0	scrambled
96.08768439292908	16.0	buildings
116.10441303253174	16.0	bodies
168.14957118034363	16.0	buildings
188.1665642261505	16.0	scrambled
208.18669724464417	16.0	faces
228.2032036781311	16.0	scenes
248.22109961509705	16.0	objects
