onset	duration	trial_type
16.024009227752686	16.0	buildings
36.03155207633972	16.0	faces
56.047847032547	16.0	bodies
76.06525230407715	16.0	objects
96.0816764831543	16.0	scrambled
116.09095931053162	16.0	scenes
168.13132977485657	16.0	scrambled
188.1467974185944	16.0	objects
208.16107058525083	16.0	bodies
228.1774652004242	16.0	faces
248.1919128894806	16.0	buildings
