onset	duration	trial_type
16.012552738189697	16.0	faces
36.02810740470886	16.0	objects
56.0451443195343	16.0	buildings
76.05910158157349	16.0	scenes
96.0736312866211	16.0	bodies
116.08689880371094	16.0	scrambled
168.12695813179016	16.0	bodies
188.1404209136963	16.0	scenes
208.15496277809143	16.0	buildings
228.16622161865237	16.0	objects
248.1809446811676	16.0	faces
