onset	duration	trial_type
16.021771669387817	16.0	scenes
36.0434455871582	16.0	scrambled
56.06372356414795	16.0	objects
76.08581733703613	16.0	bodies
96.10629367828368	16.0	faces
116.12756562232973	16.0	buildings
168.18041920661926	16.0	faces
188.19949388504028	16.0	bodies
208.22062253952024	16.0	objects
228.2396466732025	16.0	scrambled
248.26220417022705	16.0	scenes
