onset	duration	trial_type
16.027466773986816	16.0	scrambled
36.04262661933899	16.0	bodies
56.05971431732178	16.0	scenes
76.07787871360779	16.0	buildings
96.0967137813568	16.0	objects
116.11652398109436	16.0	faces
168.169362783432	16.0	objects
188.18902564048767	16.0	buildings
208.21152782440183	16.0	scenes
228.2304699420929	16.0	bodies
248.2527253627777	16.0	scrambled
