onset	duration	trial_type
16.01821756362915	16.0	scenes
36.03551173210144	16.0	scrambled
56.04905128479004	16.0	objects
76.06500101089478	16.0	bodies
96.08232045173644	16.0	faces
116.09887504577635	16.0	buildings
168.14111256599426	16.0	faces
188.1579897403717	16.0	bodies
208.17357683181763	16.0	objects
228.1899218559265	16.0	scrambled
248.2070679664612	16.0	scenes
