onset	duration	trial_type
16.01536726951599	16.0	faces
36.03023600578308	16.0	objects
56.04809880256653	16.0	buildings
76.05608057975769	16.0	scenes
96.06716418266296	16.0	bodies
116.081387758255	16.0	scrambled
168.11475467681885	16.0	bodies
188.13273668289185	16.0	scenes
208.13898539543152	16.0	buildings
228.1589322090149	16.0	objects
248.1659381389618	16.0	faces
