onset	duration	trial_type
16.023763179779053	16.0	faces
36.04327726364136	16.0	objects
56.065727949142456	16.0	buildings
76.08514356613159	16.0	scenes
96.10867619514464	16.0	bodies
116.12762522697447	16.0	scrambled
168.18243598937988	16.0	bodies
188.20365285873413	16.0	scenes
208.22557973861691	16.0	buildings
228.2450058460236	16.0	objects
248.26500844955444	16.0	faces
