onset	duration	trial_type
16.02267289161682	16.0	buildings
36.0420708656311	16.0	faces
56.0607852935791	16.0	bodies
76.07937383651733	16.0	objects
96.09996247291564	16.0	scrambled
116.118337392807	16.0	scenes
168.16876482963562	16.0	scrambled
188.18643283843997	16.0	objects
208.21234941482544	16.0	bodies
228.2265112400055	16.0	faces
248.2465226650238	16.0	buildings
