onset	duration	trial_type
16.02157235145569	16.0	faces
36.03915047645569	16.0	objects
56.0598258972168	16.0	buildings
76.08081698417664	16.0	scenes
96.10179829597472	16.0	bodies
116.12222671508788	16.0	scrambled
168.17428040504456	16.0	bodies
188.1942653656006	16.0	scenes
208.2157111167908	16.0	buildings
228.2363877296448	16.0	objects
248.25612235069275	16.0	faces
