onset	duration	trial_type
16.018113374710083	16.0	bodies
36.03776788711548	16.0	buildings
56.05612921714783	16.0	scrambled
76.0721230506897	16.0	faces
96.08703637123108	16.0	scenes
116.10325741767883	16.0	objects
168.14685702323914	16.0	scenes
188.1647822856903	16.0	faces
208.1797389984131	16.0	scrambled
228.19669127464292	16.0	buildings
248.21200037002563	16.0	bodies
