onset	duration	trial_type
16.017170906066895	16.0	faces
36.03229546546936	16.0	objects
56.04502844810486	16.0	buildings
76.06152844429016	16.0	scenes
96.07683634757996	16.0	bodies
116.09527373313904	16.0	scrambled
168.1356644630432	16.0	bodies
188.15165996551517	16.0	scenes
208.16747188568115	16.0	buildings
228.17870354652405	16.0	objects
248.1935038566589	16.0	faces
