onset	duration	trial_type
16.019744157791138	16.0	buildings
36.03001093864441	16.0	faces
56.04312562942505	16.0	bodies
76.05593872070312	16.0	objects
96.06881046295166	16.0	scrambled
116.08119511604308	16.0	scenes
168.11478209495544	16.0	scrambled
188.1267328262329	16.0	objects
208.1413013935089	16.0	bodies
228.15375566482544	16.0	faces
248.1677520275116	16.0	buildings
