onset	duration	trial_type
16.019805192947388	16.0	objects
36.03938174247742	16.0	scenes
56.06046986579895	16.0	faces
76.0814790725708	16.0	scrambled
96.10112810134888	16.0	buildings
116.11996030807497	16.0	bodies
168.1733741760254	16.0	buildings
188.1958222389221	16.0	scrambled
208.21252512931824	16.0	faces
228.2336337566376	16.0	scenes
248.25457167625427	16.0	objects
