onset	duration	trial_type
16.01732611656189	16.0	buildings
36.030866622924805	16.0	faces
56.04606890678406	16.0	bodies
76.06125473976135	16.0	objects
96.07502055168152	16.0	scrambled
116.08733415603638	16.0	scenes
168.12616991996765	16.0	scrambled
188.1436288356781	16.0	objects
208.15438985824585	16.0	bodies
228.1692659854889	16.0	faces
248.18696117401123	16.0	buildings
