onset	duration	trial_type
16.017269611358643	16.0	scrambled
36.02854371070862	16.0	bodies
56.04613733291626	16.0	scenes
76.05926775932312	16.0	buildings
96.07480335235596	16.0	objects
116.09014773368835	16.0	faces
168.1249086856842	16.0	objects
188.139750957489	16.0	buildings
208.15311694145203	16.0	scenes
228.1720325946808	16.0	bodies
248.18663144111636	16.0	scrambled
