onset	duration	trial_type
16.017216205596924	16.0	objects
36.02989959716797	16.0	scenes
56.03973388671875	16.0	faces
76.05881881713867	16.0	scrambled
96.0672562122345	16.0	buildings
116.0831687450409	16.0	bodies
168.11962866783142	16.0	buildings
188.13551092147827	16.0	scrambled
208.14897084236145	16.0	faces
228.1620090007782	16.0	scenes
248.17637252807617	16.0	objects
