onset	duration	trial_type
16.02205729484558	16.0	faces
36.044411420822144	16.0	objects
56.06280636787415	16.0	buildings
76.08161926269531	16.0	scenes
96.10314631462096	16.0	bodies
116.12085318565369	16.0	scrambled
168.1714699268341	16.0	bodies
188.1910963058472	16.0	scenes
208.2124700546265	16.0	buildings
228.23176789283752	16.0	objects
248.2542243003845	16.0	faces
