onset	duration	trial_type
16.017889738082886	16.0	objects
36.03314447402954	16.0	scenes
56.0451123714447	16.0	faces
76.06077218055725	16.0	scrambled
96.07647562026978	16.0	buildings
116.0915231704712	16.0	bodies
168.13537549972534	16.0	buildings
188.15141248703003	16.0	scrambled
208.17042064666748	16.0	faces
228.18659234046936	16.0	scenes
248.2025444507599	16.0	objects
