onset	duration	trial_type
16.02042293548584	16.0	scenes
36.03298425674439	16.0	scrambled
56.04639792442322	16.0	objects
76.06169629096985	16.0	bodies
96.07127904891968	16.0	faces
116.08332395553587	16.0	buildings
168.11873269081116	16.0	faces
188.1302990913391	16.0	bodies
208.14971351623532	16.0	objects
228.1570062637329	16.0	scrambled
248.1691737174988	16.0	scenes
