onset	duration	trial_type
16.019224882125854	16.0	buildings
36.036110639572144	16.0	faces
56.05445528030396	16.0	bodies
76.07095646858215	16.0	objects
96.0863561630249	16.0	scrambled
116.09871459007265	16.0	scenes
168.13928651809692	16.0	scrambled
188.15554189682007	16.0	objects
208.1710677146912	16.0	bodies
228.18500447273252	16.0	faces
248.20131492614743	16.0	buildings
