onset	duration	trial_type
16.016671657562256	16.0	buildings
36.03524088859558	16.0	faces
56.05259704589844	16.0	bodies
76.07287740707397	16.0	objects
96.08407592773438	16.0	scrambled
116.10058426856996	16.0	scenes
168.14594340324402	16.0	scrambled
188.16129231452945	16.0	objects
208.17761874198916	16.0	bodies
228.1938509941101	16.0	faces
248.2123999595642	16.0	buildings
