onset	duration	trial_type
16.020577430725098	16.0	scenes
36.04184365272522	16.0	scrambled
56.060884952545166	16.0	objects
76.08230018615723	16.0	bodies
96.10265183448792	16.0	faces
116.12337875366212	16.0	buildings
168.1774082183838	16.0	faces
188.1971225738525	16.0	bodies
208.21904373168945	16.0	objects
228.2380363941193	16.0	scrambled
248.2569704055786	16.0	scenes
