onset	duration	trial_type
16.01985454559326	16.0	bodies
36.039713859558105	16.0	buildings
56.061622858047485	16.0	scrambled
76.08884692192078	16.0	faces
96.10316681861876	16.0	scenes
116.12135124206544	16.0	objects
168.1741967201233	16.0	scenes
188.19451093673703	16.0	faces
208.21503400802607	16.0	scrambled
228.2365703582764	16.0	buildings
248.2558581829071	16.0	bodies
