onset	duration	trial_type
16.019620895385742	16.0	buildings
36.0349817276001	16.0	faces
56.05014300346375	16.0	bodies
76.06482815742493	16.0	objects
96.08140325546265	16.0	scrambled
116.09730553627014	16.0	scenes
168.13554763793945	16.0	scrambled
188.1593170166016	16.0	objects
208.1684536933899	16.0	bodies
228.1840937137604	16.0	faces
248.20336413383484	16.0	buildings
