onset	duration	trial_type
16.019245147705078	16.0	scrambled
36.0404212474823	16.0	bodies
56.06212210655213	16.0	scenes
76.08235049247742	16.0	buildings
96.10253477096558	16.0	objects
116.1242458820343	16.0	faces
168.18569111824036	16.0	objects
188.20014834403992	16.0	buildings
208.21947526931763	16.0	scenes
228.24164056777957	16.0	bodies
248.26130151748657	16.0	scrambled
