onset	duration	trial_type
16.02238416671753	16.0	bodies
36.04168844223023	16.0	buildings
56.062002420425415	16.0	scrambled
76.08263063430786	16.0	faces
96.10253882408142	16.0	scenes
116.1246178150177	16.0	objects
168.17450642585754	16.0	scenes
188.19304537773127	16.0	faces
208.2154784202576	16.0	scrambled
228.23537802696228	16.0	buildings
248.25829076766968	16.0	bodies
