onset	duration	trial_type
16.021743297576904	16.0	buildings
36.04006290435791	16.0	faces
56.06025290489197	16.0	bodies
76.0811698436737	16.0	objects
96.10160779953004	16.0	scrambled
116.12328171730042	16.0	scenes
168.17453980445862	16.0	scrambled
188.1956026554108	16.0	objects
208.2171051502228	16.0	bodies
228.2405257225037	16.0	faces
248.2599585056305	16.0	buildings
