onset	duration	trial_type
16.021299123764038	16.0	faces
36.0410225391388	16.0	objects
56.05841398239136	16.0	buildings
76.07814359664917	16.0	scenes
96.09933018684389	16.0	bodies
116.12715220451356	16.0	scrambled
168.1757938861847	16.0	bodies
188.1931881904602	16.0	scenes
208.21564602851868	16.0	buildings
228.23607420921329	16.0	objects
248.25849771499637	16.0	faces
