onset	duration	trial_type
16.0149347782135	16.0	faces
36.02757501602173	16.0	objects
56.04194736480713	16.0	buildings
76.05718040466309	16.0	scenes
96.0700740814209	16.0	bodies
116.08459544181824	16.0	scrambled
168.11791253089905	16.0	bodies
188.1343688964844	16.0	scenes
208.14551782608032	16.0	buildings
228.1549224853516	16.0	objects
248.1683430671692	16.0	faces
