onset	duration	trial_type
16.017619132995605	16.0	faces
36.03506183624268	16.0	objects
56.05413842201233	16.0	buildings
76.06729340553284	16.0	scenes
96.08465266227722	16.0	bodies
116.09823846817017	16.0	scrambled
168.14248061180115	16.0	bodies
188.15493083000183	16.0	scenes
208.17276406288147	16.0	buildings
228.1904420852661	16.0	objects
248.20829463005063	16.0	faces
