onset	duration	trial_type
16.01936435699463	16.0	scrambled
36.03660655021668	16.0	bodies
56.05320143699646	16.0	scenes
76.07093071937561	16.0	buildings
96.08957505226137	16.0	objects
116.10707712173462	16.0	faces
168.1547348499298	16.0	objects
188.17168307304385	16.0	buildings
208.1878628730774	16.0	scenes
228.2053754329681	16.0	bodies
248.2233719825745	16.0	scrambled
