onset	duration	trial_type
16.01747727394104	16.0	buildings
36.03368091583252	16.0	faces
56.05069375038147	16.0	bodies
76.06536841392517	16.0	objects
96.07959604263306	16.0	scrambled
116.09458446502686	16.0	scenes
168.13438963890076	16.0	scrambled
188.14979076385495	16.0	objects
208.1648554801941	16.0	bodies
228.18078184127808	16.0	faces
248.20180368423465	16.0	buildings
