onset	duration	trial_type
16.0187726020813	16.0	bodies
36.03593182563782	16.0	buildings
56.0533812046051	16.0	scrambled
76.0692834854126	16.0	faces
96.08691310882568	16.0	scenes
116.10456013679504	16.0	objects
168.14648461341858	16.0	scenes
188.1633439064026	16.0	faces
208.18009185791016	16.0	scrambled
228.19742512702945	16.0	buildings
248.21468544006348	16.0	bodies
