onset	duration	trial_type
16.01922845840454	16.0	scrambled
36.0384213924408	16.0	bodies
56.057494163513184	16.0	scenes
76.07164096832275	16.0	buildings
96.08728313446044	16.0	objects
116.10816526412964	16.0	faces
168.14731168746948	16.0	objects
188.163777589798	16.0	buildings
208.17898178100583	16.0	scenes
228.19582509994507	16.0	bodies
248.2139868736267	16.0	scrambled
