onset	duration	trial_type
16.01788568496704	16.0	buildings
36.03243613243103	16.0	faces
56.04540514945984	16.0	bodies
76.05874133110046	16.0	objects
96.07441329956056	16.0	scrambled
116.08730101585388	16.0	scenes
168.12410736083984	16.0	scrambled
188.13579416275024	16.0	objects
208.14892745018005	16.0	bodies
228.16115713119507	16.0	faces
248.17545294761655	16.0	buildings
