onset	duration	trial_type
16.0180082321167	16.0	objects
36.03044319152832	16.0	scenes
56.04284429550171	16.0	faces
76.05870127677917	16.0	scrambled
96.07351970672607	16.0	buildings
116.09265804290771	16.0	bodies
168.12364721298218	16.0	buildings
188.13323593139648	16.0	scrambled
208.1483669281006	16.0	faces
228.1626808643341	16.0	scenes
248.17682099342343	16.0	objects
