onset	duration	trial_type
16.021422863006592	16.0	faces
36.0439817905426	16.0	objects
56.06443691253662	16.0	buildings
76.08720564842224	16.0	scenes
96.10621285438538	16.0	bodies
116.1262092590332	16.0	scrambled
168.1801300048828	16.0	bodies
188.20071172714236	16.0	scenes
208.22249031066892	16.0	buildings
228.24225091934204	16.0	objects
248.2631783485413	16.0	faces
