onset	duration	trial_type
16.019775390625	16.0	objects
36.044270515441895	16.0	scenes
56.059574842453	16.0	faces
76.07599306106567	16.0	scrambled
96.09966158866882	16.0	buildings
116.1184298992157	16.0	bodies
168.16843819618225	16.0	buildings
188.18956661224365	16.0	scrambled
208.20990991592407	16.0	faces
228.2283825874329	16.0	scenes
248.251410484314	16.0	objects
