onset	duration	trial_type
16.021066188812256	16.0	scrambled
36.03960418701172	16.0	bodies
56.06087279319763	16.0	scenes
76.08095192909241	16.0	buildings
96.1034197807312	16.0	objects
116.12376356124878	16.0	faces
168.1793396472931	16.0	objects
188.20646286010745	16.0	buildings
208.22158908843997	16.0	scenes
228.24008226394653	16.0	bodies
248.26229691505432	16.0	scrambled
